{
  "kind": "pyamplicol-model-parameter-defaults",
  "parameters": {
    "alpha_ew": [
      0.0075467711139788835,
      0.0
    ],
    "alpha_s": [
      0.118,
      0.0
    ],
    "mass_23": [
      91.188,
      0.0
    ],
    "mass_24": [
      80.41900244575616,
      0.0
    ],
    "mass_25": [
      125.0,
      0.0
    ],
    "mass_6": [
      173.0,
      0.0
    ],
    "width_23": [
      2.441404,
      0.0
    ],
    "width_24": [
      2.0476,
      0.0
    ],
    "width_25": [
      0.006382339,
      0.0
    ],
    "width_6": [
      1.4915,
      0.0
    ]
  },
  "schema_version": 1
}
